tipo_contacto,agente_accion,fecha_accion,NOME,SUPERVISOR,Total
cd,EXT_AGUISOUZ,2026-02-13,,,19
cd,EXT_AGUISOUZ,2026-02-16,,,25
cd,EXT_AGUISOUZ,2026-02-18,,,5
cd,EXT_AGUISOUZ,2026-02-19,,,2
cd,EXT_AGUISOUZ,2026-02-20,,,1
cd,EXT_ALENISAB,2026-02-20,,,30
cd,EXT_ALESR,2026-02-13,,,46
cd,EXT_ALESR,2026-02-16,,,72
cd,EXT_ALESR,2026-02-18,,,39
cd,EXT_ALESR,2026-02-19,,,24
cd,EXT_ALNLARIS,2026-02-13,,,23
cd,EXT_ALNLARIS,2026-02-14,,,29
cd,EXT_ALNLARIS,2026-02-16,,,35
cd,EXT_ALNLARIS,2026-02-18,,,15
cd,EXT_ALNLARIS,2026-02-19,,,13
cd,EXT_ALNLARIS,2026-02-23,,,9
cd,EXT_ALYCARVA,2026-02-19,,,2
cd,EXT_ANACAEIR,2026-02-13,,,64
cd,EXT_ANACAEIR,2026-02-14,,,48
cd,EXT_ANACAEIR,2026-02-18,,,33
cd,EXT_ANACAEIR,2026-02-19,,,20
cd,EXT_ANACAEIR,2026-02-20,,,49
cd,EXT_ANACAEIR,2026-02-21,,,47
cd,EXT_ANACAEIR,2026-02-23,,,19
cd,EXT_ANASANO,2026-02-20,,,52
cd,EXT_ANATOS,2026-02-13,,,4
cd,EXT_ANATOS,2026-02-18,,,3
cd,EXT_ANATOS,2026-02-19,,,2
cd,EXT_ANATOS,2026-02-20,,,2
cd,EXT_ANATOS,2026-02-21,,,2
cd,EXT_ANIVO,2026-02-13,,,14
cd,EXT_ANIVO,2026-02-14,,,21
cd,EXT_ANIVO,2026-02-18,,,1
cd,EXT_ANIVO,2026-02-19,,,3
cd,EXT_ANIVO,2026-02-20,,,2
cd,EXT_ANIVO,2026-02-21,,,2
cd,EXT_ANIVO,2026-02-23,,,1
cd,EXT_ANLISILV,2026-02-13,,,20
cd,EXT_ANLISILV,2026-02-14,,,19
cd,EXT_ANLISILV,2026-02-16,,,18
cd,EXT_ANLISILV,2026-02-18,,,7
cd,EXT_ANLISILV,2026-02-19,,,15
cd,EXT_ANLISILV,2026-02-20,,,24
cd,EXT_ANLISILV,2026-02-21,,,7
cd,EXT_ANLISILV,2026-02-23,,,5
cd,EXT_ANMART,2026-02-13,,,5
cd,EXT_ANMART,2026-02-23,,,3
cd,EXT_ANNICOST,2026-02-13,,,22
cd,EXT_ANNICOST,2026-02-14,,,12
cd,EXT_ANNICOST,2026-02-18,,,21
cd,EXT_ANNICOST,2026-02-19,,,39
cd,EXT_ANNICOST,2026-02-20,,,53
cd,EXT_ANNICOST,2026-02-21,,,39
cd,EXT_ANNICOST,2026-02-23,,,13
cd,EXT_ANTPACHE,2026-02-13,,,201232
cd,EXT_ANTPACHE,2026-02-14,,,144428
cd,EXT_ANTPACHE,2026-02-16,,,435455
cd,EXT_ANTPACHE,2026-02-18,,,85538
cd,EXT_ANTPACHE,2026-02-19,,,76374
cd,EXT_ANVINHAL,2026-02-13,,,1
cd,EXT_ANVINHAL,2026-02-14,,,3
cd,EXT_ANVINHAL,2026-02-18,,,6
cd,EXT_ANVINHAL,2026-02-19,,,11
cd,EXT_ANVINHAL,2026-02-20,,,13
cd,EXT_ANVINHAL,2026-02-21,,,2
cd,EXT_ASILV,2026-02-13,,,32
cd,EXT_ASILV,2026-02-14,,,19
cd,EXT_ASILV,2026-02-18,,,5
cd,EXT_ASILV,2026-02-19,,,5
cd,EXT_ASILV,2026-02-20,,,1
cd,EXT_ASILV,2026-02-21,,,2
cd,EXT_AYXAVIER,2026-02-13,,,52
cd,EXT_AYXAVIER,2026-02-14,,,16
cd,EXT_AYXAVIER,2026-02-18,,,50
cd,EXT_AYXAVIER,2026-02-19,,,36
cd,EXT_AYXAVIER,2026-02-20,,,41
cd,EXT_BARVALER,2026-02-13,,,51
cd,EXT_BARVALER,2026-02-14,,,52
cd,EXT_BARVALER,2026-02-18,,,27
cd,EXT_BARVALER,2026-02-19,,,47
cd,EXT_BARVALER,2026-02-20,,,46
cd,EXT_BARVALER,2026-02-21,,,48
cd,EXT_BARVALER,2026-02-23,,,9
cd,EXT_BEASARA,2026-02-16,,,41
cd,EXT_BEASARA,2026-02-18,,,22
cd,EXT_BEATRAZE,2026-02-13,,,20
cd,EXT_BEATRAZE,2026-02-14,,,13
cd,EXT_BEATRAZE,2026-02-18,,,1
cd,EXT_BEATRAZE,2026-02-20,,,22
cd,EXT_BEATRAZE,2026-02-21,,,3
cd,EXT_BIANM,2026-02-20,,,9
cd,EXT_BRUNASAA,2026-02-20,,,22
cd,EXT_CARDCLAR,2026-02-13,,,51
cd,EXT_CARDCLAR,2026-02-16,,,89
cd,EXT_CARDCLAR,2026-02-18,,,67
cd,EXT_CARDCLAR,2026-02-19,,,53
cd,EXT_CARDCLAR,2026-02-20,,,47
cd,EXT_CARLN,2026-02-13,,,45
cd,EXT_CARLN,2026-02-16,,,80
cd,EXT_CARLN,2026-02-18,,,45
cd,EXT_CARLN,2026-02-19,,,44
cd,EXT_CHRAIOL,2026-02-13,,,9
cd,EXT_CHRAIOL,2026-02-14,,,6
cd,EXT_CHRAIOL,2026-02-18,,,1
cd,EXT_CHRAIOL,2026-02-20,,,4
cd,EXT_CHRAIOL,2026-02-21,,,2
cd,EXT_CHRAIOL,2026-02-23,,,2
cd,EXT_COIZABEL,2026-02-13,,,28
cd,EXT_COIZABEL,2026-02-16,,,12
cd,EXT_COIZABEL,2026-02-18,,,29
cd,EXT_COIZABEL,2026-02-19,,,21
cd,EXT_COIZABEL,2026-02-20,,,31
cd,EXT_CORREHEN,2026-02-13,,,8
cd,EXT_CORREHEN,2026-02-14,,,7
cd,EXT_CORREHEN,2026-02-18,,,20
cd,EXT_CORREHEN,2026-02-19,,,6
cd,EXT_CORREHEN,2026-02-20,,,3
cd,EXT_CORREHEN,2026-02-21,,,7
cd,EXT_CORREHEN,2026-02-23,,,1
cd,EXT_CRISLAIJ,2026-02-13,,,31
cd,EXT_CRISLAIJ,2026-02-18,,,49
cd,EXT_CRISLAIJ,2026-02-19,,,24
cd,EXT_DAVPA,2026-02-13,,,53
cd,EXT_DAVPA,2026-02-16,,,71
cd,EXT_DAVPA,2026-02-18,,,17
cd,EXT_DAVPA,2026-02-19,,,28
cd,EXT_DAVPA,2026-02-20,,,34
cd,EXT_DAVPA,2026-02-23,,,8
cd,EXT_DAYP,2026-02-13,,,15
cd,EXT_DAYP,2026-02-14,,,13
cd,EXT_DAYP,2026-02-18,,,5
cd,EXT_DAYP,2026-02-19,,,19
cd,EXT_DAYP,2026-02-20,,,11
cd,EXT_DAYP,2026-02-21,,,17
cd,EXT_DAYP,2026-02-23,,,2
cd,EXT_DEBA,2026-02-13,,,96
cd,EXT_DEBA,2026-02-14,,,68
cd,EXT_DEBA,2026-02-18,,,18
cd,EXT_DEBA,2026-02-19,,,35
cd,EXT_DEBA,2026-02-20,,,39
cd,EXT_DEBA,2026-02-21,,,25
cd,EXT_DEBA,2026-02-23,,,5
cd,EXT_EDDELIRA,2026-02-18,,,17
cd,EXT_EDDELIRA,2026-02-19,,,7
cd,EXT_EDDELIRA,2026-02-20,,,44
cd,EXT_EDDELIRA,2026-02-21,,,43
cd,EXT_EDISJUNI,2026-02-13,,,14
cd,EXT_EDISJUNI,2026-02-14,,,13
cd,EXT_EDISJUNI,2026-02-18,,,15
cd,EXT_EDISJUNI,2026-02-19,,,21
cd,EXT_EDISJUNI,2026-02-20,,,33
cd,EXT_EDISJUNI,2026-02-21,,,17
cd,EXT_ELINALDS,2026-02-13,,,98
cd,EXT_ELINALDS,2026-02-14,,,78
cd,EXT_ELINALDS,2026-02-18,,,59
cd,EXT_ELINALDS,2026-02-19,,,61
cd,EXT_ELINALDS,2026-02-20,,,57
cd,EXT_ELINALDS,2026-02-21,,,66
cd,EXT_ELINALDS,2026-02-23,,,9
cd,EXT_EMO,2026-02-13,,,2
cd,EXT_EMO,2026-02-19,,,1
cd,EXT_ESTEPMAC,2026-02-13,,,25
cd,EXT_ESTEPMAC,2026-02-16,,,31
cd,EXT_ESTEPMAC,2026-02-18,,,2
cd,EXT_ESTEPMAC,2026-02-19,,,8
cd,EXT_FEKAIC,2026-02-13,,,14
cd,EXT_FEKAIC,2026-02-14,,,13
cd,EXT_FEKAIC,2026-02-18,,,3
cd,EXT_FEKAIC,2026-02-19,,,4
cd,EXT_FEKAIC,2026-02-20,,,2
cd,EXT_FEKAIC,2026-02-21,,,1
cd,EXT_FRKAUANY,2026-02-20,,,47
cd,EXT_GABRLIMI,2026-02-20,,,14
cd,EXT_GBILPERE,2026-02-13,,,83
cd,EXT_GBILPERE,2026-02-18,,,39
cd,EXT_GBILPERE,2026-02-19,,,85
cd,EXT_GBILPERE,2026-02-20,,,28
cd,EXT_GIANMEND,2026-02-13,,,25
cd,EXT_GIANMEND,2026-02-14,,,20
cd,EXT_GIANMEND,2026-02-19,,,78
cd,EXT_GIANMEND,2026-02-20,,,7
cd,EXT_GIANMEND,2026-02-23,,,3
cd,EXT_GIBRIERE,2026-02-20,,,43
cd,EXT_GIOG,2026-02-13,,,9
cd,EXT_GIOG,2026-02-14,,,7
cd,EXT_GIOG,2026-02-18,,,4
cd,EXT_GIOG,2026-02-19,,,7
cd,EXT_GIOO,2026-02-13,,,34
cd,EXT_GIOO,2026-02-14,,,15
cd,EXT_GIOO,2026-02-18,,,20
cd,EXT_GIOO,2026-02-19,,,27
cd,EXT_GIOO,2026-02-21,,,36
cd,EXT_GRAZIELG,2026-02-13,,,43
cd,EXT_GRAZIELG,2026-02-14,,,53
cd,EXT_GRAZIELG,2026-02-16,,,55
cd,EXT_GRAZIELG,2026-02-18,,,25
cd,EXT_GRAZIELG,2026-02-19,,,33
cd,EXT_GRAZIELG,2026-02-20,,,38
cd,EXT_GRAZIELG,2026-02-21,,,32
cd,EXT_GRAZIELG,2026-02-23,,,6
cd,EXT_GUILHEC,2026-02-13,,,8
cd,EXT_GUILHEC,2026-02-14,,,18
cd,EXT_GUILHEC,2026-02-18,,,20
cd,EXT_GUILHEC,2026-02-19,,,9
cd,EXT_GUILHEC,2026-02-20,,,1
cd,EXT_GUILHEC,2026-02-21,,,6
cd,EXT_GUILHEC,2026-02-23,,,4
cd,EXT_HEFERMAR,2026-02-13,,,14
cd,EXT_HEFERMAR,2026-02-16,,,10
cd,EXT_HEFERMAR,2026-02-18,,,4
cd,EXT_HEFERMAR,2026-02-19,,,1
cd,EXT_HEFERMAR,2026-02-20,,,20
cd,EXT_HEFERMAR,2026-02-21,,,12
cd,EXT_HEFERMAR,2026-02-23,,,7
cd,EXT_HERIOGAB,2026-02-13,,,27
cd,EXT_HERIOGAB,2026-02-14,,,7
cd,EXT_HERIOGAB,2026-02-16,,,25
cd,EXT_HERIOGAB,2026-02-18,,,5
cd,EXT_HERIOGAB,2026-02-19,,,1
cd,EXT_HERIOGAB,2026-02-20,,,12
cd,EXT_HERIOGAB,2026-02-21,,,11
cd,EXT_HUBOTELH,2026-02-13,,,17
cd,EXT_HUBOTELH,2026-02-14,,,6
cd,EXT_HUBOTELH,2026-02-18,,,37
cd,EXT_HUBOTELH,2026-02-19,,,29
cd,EXT_HUBOTELH,2026-02-20,,,14
cd,EXT_IGSO,2026-02-13,,,26
cd,EXT_IGSO,2026-02-14,,,52
cd,EXT_IGSO,2026-02-18,,,17
cd,EXT_IGSO,2026-02-19,,,35
cd,EXT_IGSO,2026-02-21,,,42
cd,EXT_IGSO,2026-02-23,,,10
cd,EXT_INCARDOZ,2026-02-13,,,4
cd,EXT_INCARDOZ,2026-02-14,,,3
cd,EXT_INCARDOZ,2026-02-18,,,12
cd,EXT_INCARDOZ,2026-02-19,,,17
cd,EXT_INCARDOZ,2026-02-20,,,14
cd,EXT_INCARDOZ,2026-02-21,,,3
cd,EXT_ISAVAZ,2026-02-13,,,1
cd,EXT_ISAVAZ,2026-02-16,,,1
cd,EXT_JANAGUIA,2026-02-13,,,46
cd,EXT_JANAGUIA,2026-02-14,,,43
cd,EXT_JANAGUIA,2026-02-18,,,48
cd,EXT_JANAGUIA,2026-02-19,,,43
cd,EXT_JANAGUIA,2026-02-20,,,47
cd,EXT_JANAGUIA,2026-02-21,,,42
cd,EXT_JAQVERAS,2026-02-13,,,40
cd,EXT_JAQVERAS,2026-02-14,,,8
cd,EXT_JAQVERAS,2026-02-18,,,1
cd,EXT_JAQVERAS,2026-02-19,,,7
cd,EXT_JAQVERAS,2026-02-20,,,16
cd,EXT_JAQVERAS,2026-02-21,,,10
cd,EXT_JARODMAR,2026-02-16,,,6
cd,EXT_JARODMAR,2026-02-18,,,3
cd,EXT_JARODMAR,2026-02-19,,,10
cd,EXT_JHENIFSO,2026-02-13,,,52
cd,EXT_JHENIFSO,2026-02-14,,,21
cd,EXT_JHENIFSO,2026-02-18,,,23
cd,EXT_JHENIFSO,2026-02-19,,,3
cd,EXT_JHENIFSO,2026-02-20,,,35
cd,EXT_JHENIFSO,2026-02-21,,,34
cd,EXT_JHONNGOM,2026-02-18,,,1
cd,EXT_JOAAL,2026-02-13,,,14
cd,EXT_JOAAL,2026-02-14,,,9
cd,EXT_JOAAL,2026-02-16,,,7
cd,EXT_JOAAL,2026-02-18,,,2
cd,EXT_JOAAL,2026-02-19,,,1
cd,EXT_JOAAL,2026-02-20,,,2
cd,EXT_JOAAL,2026-02-21,,,2
cd,EXT_JOAFE,2026-02-13,,,56
cd,EXT_JOAFE,2026-02-16,,,51
cd,EXT_JOAFE,2026-02-18,,,26
cd,EXT_JOAFE,2026-02-19,,,46
cd,EXT_JOIGOULA,2026-02-13,,,56
cd,EXT_JOIGOULA,2026-02-14,,,59
cd,EXT_JOIGOULA,2026-02-18,,,34
cd,EXT_JOIGOULA,2026-02-19,,,22
cd,EXT_JOIGOULA,2026-02-20,,,48
cd,EXT_JOIGOULA,2026-02-21,,,51
cd,EXT_JOIGOULA,2026-02-23,,,20
cd,EXT_JOMI,2026-02-13,,,18
cd,EXT_JOMI,2026-02-14,,,43
cd,EXT_JOMI,2026-02-18,,,9
cd,EXT_JOMI,2026-02-19,,,26
cd,EXT_JOMI,2026-02-20,,,38
cd,EXT_JOMI,2026-02-21,,,37
cd,EXT_JOMI,2026-02-23,,,4
cd,EXT_JOSIAAND,2026-02-13,,,38
cd,EXT_JOSIAAND,2026-02-18,,,6
cd,EXT_JOSIAAND,2026-02-19,,,9
cd,EXT_JOSIAAND,2026-02-20,,,8
cd,EXT_JOSIAAND,2026-02-21,,,8
cd,EXT_JOSIAAND,2026-02-23,,,2
cd,EXT_JOSUMOUR,2026-02-13,,,28
cd,EXT_JOSUMOUR,2026-02-16,,,8
cd,EXT_JOSUMOUR,2026-02-18,,,25
cd,EXT_JOSUMOUR,2026-02-19,,,56
cd,EXT_JUAQUEIR,2026-02-14,,,5
cd,EXT_JUAQUEIR,2026-02-18,,,7
cd,EXT_JUAQUEIR,2026-02-19,,,7
cd,EXT_JUAQUEIR,2026-02-20,,,8
cd,EXT_JUAQUEIR,2026-02-21,,,11
cd,EXT_JUAQUEIR,2026-02-23,,,3
cd,EXT_JULGRACA,2026-02-13,,,13
cd,EXT_JULGRACA,2026-02-14,,,9
cd,EXT_JULGRACA,2026-02-19,,,1
cd,EXT_JULGRACA,2026-02-20,,,5
cd,EXT_JULGRACA,2026-02-21,,,4
cd,EXT_JULGRACA,2026-02-23,,,2
cd,EXT_JULIAAR,2026-02-20,,,61
cd,EXT_JULLYSSA,2026-02-13,,,6
cd,EXT_JULLYSSA,2026-02-16,,,9
cd,EXT_JULLYSSA,2026-02-18,,,11
cd,EXT_JULLYSSA,2026-02-19,,,9
cd,EXT_JULLYSSA,2026-02-20,,,4
cd,EXT_KARICSIL,2026-02-13,,,29
cd,EXT_KARICSIL,2026-02-14,,,16
cd,EXT_KARICSIL,2026-02-18,,,4
cd,EXT_KARICSIL,2026-02-19,,,3
cd,EXT_KARICSIL,2026-02-20,,,3
cd,EXT_KARICSIL,2026-02-21,,,1
cd,EXT_KAUSO,2026-02-19,,,31
cd,EXT_KAUSO,2026-02-20,,,33
cd,EXT_KAYMATEU,2026-02-13,,,8
cd,EXT_KAYMATEU,2026-02-14,,,8
cd,EXT_KAYMATEU,2026-02-18,,,7
cd,EXT_KAYMATEU,2026-02-19,,,10
cd,EXT_KAYMATEU,2026-02-20,,,6
cd,EXT_KAYMATEU,2026-02-23,,,2
cd,EXT_KEVEBARB,2026-02-13,,,82
cd,EXT_KEVEBARB,2026-02-14,,,60
cd,EXT_KEVEBARB,2026-02-19,,,29
cd,EXT_KEVEBARB,2026-02-20,,,45
cd,EXT_KEVEBARB,2026-02-23,,,13
cd,EXT_LAURAMAC,2026-02-13,,,7
cd,EXT_LAURAMAC,2026-02-14,,,15
cd,EXT_LAURAMAC,2026-02-18,,,5
cd,EXT_LAURAMAC,2026-02-19,,,18
cd,EXT_LAURAMAC,2026-02-20,,,7
cd,EXT_LAURAMAC,2026-02-21,,,6
cd,EXT_LAURAMAC,2026-02-23,,,1
cd,EXT_LEOSIA,2026-02-18,,,56
cd,EXT_LEOSIA,2026-02-19,,,24
cd,EXT_LEOSIA,2026-02-20,,,27
cd,EXT_LEOSIA,2026-02-21,,,18
cd,EXT_LETHONOR,2026-02-13,,,5
cd,EXT_LETHONOR,2026-02-14,,,10
cd,EXT_LETHONOR,2026-02-18,,,7
cd,EXT_LETHONOR,2026-02-19,,,6
cd,EXT_LETHONOR,2026-02-20,,,6
cd,EXT_LETHONOR,2026-02-21,,,13
cd,EXT_LETHONOR,2026-02-23,,,1
cd,EXT_LETICO,2026-02-13,,,39
cd,EXT_LETICO,2026-02-14,,,52
cd,EXT_LETICO,2026-02-18,,,23
cd,EXT_LETICO,2026-02-19,,,29
cd,EXT_LETICO,2026-02-20,,,19
cd,EXT_LETICO,2026-02-21,,,31
cd,EXT_LETICO,2026-02-23,,,6
cd,EXT_LILAISA,2026-02-13,,,32
cd,EXT_LILAISA,2026-02-14,,,63
cd,EXT_LILAISA,2026-02-18,,,21
cd,EXT_LILAISA,2026-02-19,,,33
cd,EXT_LILAISA,2026-02-20,,,49
cd,EXT_LILAISA,2026-02-21,,,41
cd,EXT_LILAISA,2026-02-23,,,9
cd,EXT_LIMLARA,2026-02-13,,,10
cd,EXT_LIMLARA,2026-02-18,,,4
cd,EXT_LIMLARA,2026-02-19,,,11
cd,EXT_LIMLARA,2026-02-20,,,26
cd,EXT_LOFREIRE,2026-02-13,,,24
cd,EXT_LOFREIRE,2026-02-14,,,38
cd,EXT_LOFREIRE,2026-02-18,,,11
cd,EXT_LOFREIRE,2026-02-19,,,16
cd,EXT_LOFREIRE,2026-02-20,,,32
cd,EXT_LOFREIRE,2026-02-21,,,30
cd,EXT_LOFREIRE,2026-02-23,,,10
cd,EXT_LOHAFEIT,2026-02-20,,,58
cd,EXT_LORRACAS,2026-02-16,,,120
cd,EXT_LUARLINO,2026-02-13,,,45
cd,EXT_LUARLINO,2026-02-16,,,33
cd,EXT_LUARLINO,2026-02-18,,,6
cd,EXT_LUARLINO,2026-02-19,,,10
cd,EXT_LUARLINO,2026-02-20,,,10
cd,EXT_LUAVARAN,2026-02-13,,,50
cd,EXT_LUAVARAN,2026-02-14,,,33
cd,EXT_LUAVARAN,2026-02-18,,,30
cd,EXT_LUAVARAN,2026-02-19,,,32
cd,EXT_LUAVARAN,2026-02-20,,,38
cd,EXT_LUAVARAN,2026-02-21,,,32
cd,EXT_LUCMAT,2026-02-13,,,2
cd,EXT_LUCMAT,2026-02-14,,,1
cd,EXT_LUCMAT,2026-02-18,,,4
cd,EXT_LUCMAT,2026-02-20,,,1
cd,EXT_LUCMAT,2026-02-23,,,1
cd,EXT_LUIZN,2026-02-14,,,13
cd,EXT_LUIZN,2026-02-18,,,33
cd,EXT_LUIZN,2026-02-19,,,17
cd,EXT_LUIZN,2026-02-20,,,18
cd,EXT_LUIZN,2026-02-21,,,12
cd,EXT_MAIZADOR,2026-02-19,,,17
cd,EXT_MAIZADOR,2026-02-20,,,8
cd,EXT_MAIZADOR,2026-02-23,,,2
cd,EXT_MARANNA,2026-02-13,,,12
cd,EXT_MARANNA,2026-02-14,,,5
cd,EXT_MARANNA,2026-02-18,,,3
cd,EXT_MARANNA,2026-02-20,,,4
cd,EXT_MARANNA,2026-02-21,,,2
cd,EXT_MARCUAMA,2026-02-13,,,30
cd,EXT_MARCUAMA,2026-02-14,,,30
cd,EXT_MARCUAMA,2026-02-18,,,36
cd,EXT_MARCUAMA,2026-02-19,,,33
cd,EXT_MARCUAMA,2026-02-20,,,31
cd,EXT_MARCUAMA,2026-02-21,,,31
cd,EXT_MARCUAMA,2026-02-23,,,11
cd,EXT_MARIFR,2026-02-13,,,48
cd,EXT_MARIFR,2026-02-14,,,36
cd,EXT_MARIFR,2026-02-18,,,50
cd,EXT_MARIFR,2026-02-19,,,30
cd,EXT_MATHEMO,2026-02-19,,,5
cd,EXT_MELQALVE,2026-02-13,,,14
cd,EXT_MELQALVE,2026-02-14,,,17
cd,EXT_MELQALVE,2026-02-18,,,1
cd,EXT_MELQALVE,2026-02-19,,,4
cd,EXT_MELQALVE,2026-02-20,,,2
cd,EXT_MELQALVE,2026-02-21,,,4
cd,EXT_MELQALVE,2026-02-23,,,1
cd,EXT_MIRANVIN,2026-02-13,,,63
cd,EXT_MYCBEZER,2026-02-13,,,15
cd,EXT_MYCBEZER,2026-02-16,,,6
cd,EXT_MYCBEZER,2026-02-18,,,8
cd,EXT_MYCBEZER,2026-02-19,,,9
cd,EXT_MYCBEZER,2026-02-20,,,6
cd,EXT_NASLAURA,2026-02-16,,,1
cd,EXT_NEVITOR,2026-02-13,,,9
cd,EXT_NEVITOR,2026-02-14,,,12
cd,EXT_NEVITOR,2026-02-16,,,15
cd,EXT_NEVITOR,2026-02-19,,,1
cd,EXT_NEVITOR,2026-02-20,,,4
cd,EXT_NIMEIRA,2026-02-13,,,10
cd,EXT_NIMEIRA,2026-02-14,,,24
cd,EXT_NIMEIRA,2026-02-18,,,2
cd,EXT_NIMEIRA,2026-02-19,,,9
cd,EXT_NIMEIRA,2026-02-20,,,8
cd,EXT_NIMEIRA,2026-02-21,,,11
cd,EXT_NIMEIRA,2026-02-23,,,2
cd,EXT_NUBIANSI,2026-02-13,,,45
cd,EXT_NUBIANSI,2026-02-14,,,40
cd,EXT_NUBIANSI,2026-02-18,,,62
cd,EXT_NUBIANSI,2026-02-19,,,36
cd,EXT_NUBIANSI,2026-02-20,,,54
cd,EXT_NUBIANSI,2026-02-21,,,35
cd,EXT_OLIVERAY,2026-02-13,,,83
cd,EXT_OLIVERAY,2026-02-16,,,122
cd,EXT_OLIVERAY,2026-02-18,,,61
cd,EXT_OLIVERAY,2026-02-19,,,30
cd,EXT_PACO,2026-02-19,,,5
cd,EXT_PACO,2026-02-20,,,43
cd,EXT_PAMEMONI,2026-02-18,,,2
cd,EXT_PAMEMONI,2026-02-20,,,2
cd,EXT_PATMA,2026-02-13,,,2
cd,EXT_PAULASSU,2026-02-13,,,16
cd,EXT_PAULASSU,2026-02-14,,,18
cd,EXT_PAULASSU,2026-02-18,,,3
cd,EXT_PAULASSU,2026-02-19,,,12
cd,EXT_PAULASSU,2026-02-20,,,12
cd,EXT_PAULASSU,2026-02-21,,,13
cd,EXT_PAULASSU,2026-02-23,,,2
cd,EXT_PEDRO,2026-02-13,,,23
cd,EXT_PEDRO,2026-02-14,,,6
cd,EXT_PEDRO,2026-02-20,,,15
cd,EXT_PEDRO,2026-02-21,,,17
cd,EXT_PEDRO,2026-02-23,,,1
cd,EXT_PEEMERIC,2026-02-13,,,95
cd,EXT_PEEMERIC,2026-02-16,,,100
cd,EXT_PEEMERIC,2026-02-19,,,71
cd,EXT_PERESUEL,2026-02-13,,,28
cd,EXT_PERESUEL,2026-02-14,,,26
cd,EXT_PERESUEL,2026-02-18,,,24
cd,EXT_PERESUEL,2026-02-19,,,31
cd,EXT_PERESUEL,2026-02-20,,,29
cd,EXT_PERESUEL,2026-02-21,,,28
cd,EXT_PERESUEL,2026-02-23,,,10
cd,EXT_QUA,2026-02-13,,,9
cd,EXT_QUA,2026-02-14,,,11
cd,EXT_QUA,2026-02-18,,,2
cd,EXT_QUA,2026-02-19,,,3
cd,EXT_QUA,2026-02-20,,,3
cd,EXT_QUA,2026-02-21,,,1
cd,EXT_RAITAVAR,2026-02-18,,,14
cd,EXT_RAITAVAR,2026-02-20,,,15
cd,EXT_RAITAVAR,2026-02-21,,,8
cd,EXT_RIASILV,2026-02-13,,,32
cd,EXT_RIASILV,2026-02-14,,,66
cd,EXT_RIASILV,2026-02-18,,,27
cd,EXT_RIASILV,2026-02-19,,,32
cd,EXT_RIASILV,2026-02-20,,,36
cd,EXT_RIASILV,2026-02-23,,,6
cd,EXT_RODRJU,2026-02-20,,,77
cd,EXT_ROMAJULI,2026-02-13,,,6
cd,EXT_ROMAJULI,2026-02-18,,,2
cd,EXT_ROMAJULI,2026-02-19,,,4
cd,EXT_ROMAJULI,2026-02-20,,,12
cd,EXT_ROMAJULI,2026-02-21,,,6
cd,EXT_ROMAJULI,2026-02-23,,,8
cd,EXT_RONSAMUE,2026-02-13,,,5
cd,EXT_RONSAMUE,2026-02-18,,,17
cd,EXT_RONSAMUE,2026-02-19,,,12
cd,EXT_RONSAMUE,2026-02-20,,,21
cd,EXT_SAELOISA,2026-02-20,,,53
cd,EXT_SAMUO,2026-02-13,,,8
cd,EXT_SAMUO,2026-02-18,,,2
cd,EXT_SAMUO,2026-02-19,,,5
cd,EXT_SANLUDMI,2026-02-13,,,23
cd,EXT_SANLUDMI,2026-02-14,,,30
cd,EXT_SANLUDMI,2026-02-18,,,13
cd,EXT_SANLUDMI,2026-02-19,,,10
cd,EXT_SANTDI,2026-02-13,,,32
cd,EXT_SANTDI,2026-02-14,,,28
cd,EXT_SANTDI,2026-02-18,,,7
cd,EXT_SANTDI,2026-02-19,,,3
cd,EXT_SANTDI,2026-02-20,,,4
cd,EXT_SANTDI,2026-02-21,,,1
cd,EXT_SANTDI,2026-02-23,,,2
cd,EXT_SANTLE,2026-02-13,,,17
cd,EXT_SANTLE,2026-02-14,,,23
cd,EXT_SANTLE,2026-02-18,,,8
cd,EXT_SANTLE,2026-02-19,,,20
cd,EXT_SANTLE,2026-02-20,,,12
cd,EXT_SANTLE,2026-02-21,,,13
cd,EXT_SANTLE,2026-02-23,,,5
cd,EXT_SARPASSO,2026-02-13,,,102
cd,EXT_SARPASSO,2026-02-18,,,73
cd,EXT_SARPASSO,2026-02-19,,,49
cd,EXT_SILELIEN,2026-02-13,,,26
cd,EXT_SILELIEN,2026-02-14,,,12
cd,EXT_SILELIEN,2026-02-18,,,10
cd,EXT_SILELIEN,2026-02-19,,,12
cd,EXT_SILELIEN,2026-02-20,,,18
cd,EXT_SILELIEN,2026-02-21,,,9
cd,EXT_SILELIEN,2026-02-23,,,3
cd,EXT_SILSILV,2026-02-13,,,27
cd,EXT_SILSILV,2026-02-14,,,30
cd,EXT_SILSILV,2026-02-18,,,36
cd,EXT_SILSILV,2026-02-19,,,38
cd,EXT_SISOEMIL,2026-02-20,,,6
cd,EXT_SOPHSILV,2026-02-13,,,8
cd,EXT_SOPHSILV,2026-02-14,,,9
cd,EXT_SOPHSILV,2026-02-18,,,6
cd,EXT_SOPHSILV,2026-02-19,,,12
cd,EXT_SOPHSILV,2026-02-20,,,13
cd,EXT_SOPHSILV,2026-02-21,,,12
cd,EXT_SOPHSILV,2026-02-23,,,5
cd,EXT_SOTHALYT,2026-02-13,,,48
cd,EXT_SOTHALYT,2026-02-16,,,46
cd,EXT_SOTHALYT,2026-02-18,,,43
cd,EXT_SOTHALYT,2026-02-19,,,33
cd,EXT_SOTHALYT,2026-02-20,,,38
cd,EXT_SOUDAV,2026-02-20,,,25
cd,EXT_SOUSBARB,2026-02-13,,,18
cd,EXT_SOUSBARB,2026-02-14,,,14
cd,EXT_SOUSBARB,2026-02-18,,,1
cd,EXT_SOUSBARB,2026-02-20,,,7
cd,EXT_SOUSBARB,2026-02-21,,,7
cd,EXT_STELASOU,2026-02-13,,,28
cd,EXT_STELASOU,2026-02-16,,,41
cd,EXT_STELASOU,2026-02-18,,,18
cd,EXT_STELASOU,2026-02-20,,,28
cd,EXT_TALITS,2026-02-13,,,17
cd,EXT_TALITS,2026-02-14,,,9
cd,EXT_TALITS,2026-02-18,,,1
cd,EXT_TALITS,2026-02-19,,,2
cd,EXT_TALITS,2026-02-20,,,4
cd,EXT_TALITS,2026-02-21,,,1
cd,EXT_TAMYSOUS,2026-02-13,,,31
cd,EXT_TAMYSOUS,2026-02-14,,,19
cd,EXT_TAMYSOUS,2026-02-18,,,12
cd,EXT_TAMYSOUS,2026-02-20,,,29
cd,EXT_TAMYSOUS,2026-02-21,,,17
cd,EXT_TAMYSOUS,2026-02-23,,,13
cd,EXT_TAVA,2026-02-14,,,9
cd,EXT_TAVA,2026-02-18,,,3
cd,EXT_TAVA,2026-02-19,,,8
cd,EXT_TAVA,2026-02-20,,,4
cd,EXT_TAVA,2026-02-21,,,1
cd,EXT_TAVA,2026-02-23,,,2
cd,EXT_THEFERRE,2026-02-14,,,26
cd,EXT_THEFERRE,2026-02-18,,,21
cd,EXT_THEFERRE,2026-02-19,,,30
cd,EXT_THEFERRE,2026-02-20,,,15
cd,EXT_THEFERRE,2026-02-21,,,30
cd,EXT_THEFERRE,2026-02-23,,,9
cd,EXT_VALQUCAR,2026-02-13,,,51
cd,EXT_VALQUCAR,2026-02-14,,,66
cd,EXT_VALQUCAR,2026-02-18,,,52
cd,EXT_VALQUCAR,2026-02-19,,,53
cd,EXT_VALQUCAR,2026-02-20,,,44
cd,EXT_VALQUCAR,2026-02-23,,,1
cd,EXT_VICEFRAN,2026-02-14,,,1
cd,EXT_VICEFRAN,2026-02-16,,,10
cd,EXT_VICEFRAN,2026-02-18,,,5
cd,EXT_VICEFRAN,2026-02-19,,,3
cd,EXT_VICEFRAN,2026-02-20,,,1
cd,EXT_VICEFRAN,2026-02-21,,,1
cd,EXT_VIEM,2026-02-13,,,31
cd,EXT_VIEM,2026-02-14,,,25
cd,EXT_VIEM,2026-02-16,,,28
cd,EXT_VIEM,2026-02-18,,,1
cd,EXT_VIEM,2026-02-19,,,12
cd,EXT_VIEM,2026-02-20,,,16
cd,EXT_VIEM,2026-02-21,,,6
cd,EXT_YASDAMAS,2026-02-13,,,79
cd,EXT_YASDAMAS,2026-02-14,,,69
cd,EXT_YASDAMAS,2026-02-18,,,3
cd,EXT_YASDAMAS,2026-02-19,,,7
cd,EXT_YUSI,2026-02-20,,,67
cd,LEAL,2026-02-13,,,996068
cd,LEAL,2026-02-16,,,154797
ci,EXT_ALENISAB,2026-02-20,,,2
ci,EXT_ALESR,2026-02-13,,,6
ci,EXT_ALESR,2026-02-16,,,16
ci,EXT_ALESR,2026-02-18,,,3
ci,EXT_ALESR,2026-02-19,,,1
ci,EXT_ANACAEIR,2026-02-13,,,3
ci,EXT_ANACAEIR,2026-02-18,,,1
ci,EXT_ANACAEIR,2026-02-20,,,2
ci,EXT_ANACAEIR,2026-02-21,,,1
ci,EXT_ANACAEIR,2026-02-23,,,2
ci,EXT_ANASANO,2026-02-20,,,1
ci,EXT_ANIVO,2026-02-13,,,2
ci,EXT_ANIVO,2026-02-14,,,4
ci,EXT_ANLISILV,2026-02-13,,,1
ci,EXT_ANLISILV,2026-02-14,,,1
ci,EXT_ANLISILV,2026-02-16,,,2
ci,EXT_ANLISILV,2026-02-20,,,1
ci,EXT_ANNICOST,2026-02-19,,,2
ci,EXT_ANNICOST,2026-02-20,,,1
ci,EXT_ANNICOST,2026-02-21,,,4
ci,EXT_ANVINHAL,2026-02-13,,,1
ci,EXT_ANVINHAL,2026-02-19,,,1
ci,EXT_ASILV,2026-02-13,,,3
ci,EXT_ASILV,2026-02-14,,,5
ci,EXT_ASILV,2026-02-21,,,1
ci,EXT_AYXAVIER,2026-02-13,,,1
ci,EXT_AYXAVIER,2026-02-20,,,1
ci,EXT_BARVALER,2026-02-13,,,2
ci,EXT_BARVALER,2026-02-14,,,5
ci,EXT_BARVALER,2026-02-18,,,1
ci,EXT_BARVALER,2026-02-19,,,1
ci,EXT_BARVALER,2026-02-20,,,1
ci,EXT_BARVALER,2026-02-21,,,1
ci,EXT_BEASARA,2026-02-16,,,1
ci,EXT_BEATRAZE,2026-02-13,,,2
ci,EXT_BEATRAZE,2026-02-14,,,2
ci,EXT_BEATRAZE,2026-02-20,,,3
ci,EXT_BIANM,2026-02-20,,,1
ci,EXT_BRUNASAA,2026-02-20,,,4
ci,EXT_CARDCLAR,2026-02-13,,,2
ci,EXT_CARDCLAR,2026-02-16,,,5
ci,EXT_CARDCLAR,2026-02-18,,,4
ci,EXT_CARDCLAR,2026-02-20,,,2
ci,EXT_CARLN,2026-02-13,,,1
ci,EXT_CHRAIOL,2026-02-14,,,1
ci,EXT_COIZABEL,2026-02-13,,,3
ci,EXT_COIZABEL,2026-02-20,,,1
ci,EXT_CORREHEN,2026-02-13,,,1
ci,EXT_CORREHEN,2026-02-14,,,5
ci,EXT_CORREHEN,2026-02-18,,,2
ci,EXT_DAVPA,2026-02-13,,,1
ci,EXT_DAVPA,2026-02-16,,,4
ci,EXT_DAVPA,2026-02-19,,,1
ci,EXT_DAVPA,2026-02-20,,,1
ci,EXT_DAVPA,2026-02-23,,,1
ci,EXT_DAYP,2026-02-13,,,1
ci,EXT_DAYP,2026-02-19,,,1
ci,EXT_DAYP,2026-02-20,,,1
ci,EXT_DAYP,2026-02-21,,,1
ci,EXT_DEBA,2026-02-13,,,8
ci,EXT_DEBA,2026-02-14,,,7
ci,EXT_DEBA,2026-02-18,,,2
ci,EXT_DEBA,2026-02-19,,,5
ci,EXT_DEBA,2026-02-21,,,1
ci,EXT_DEBA,2026-02-23,,,1
ci,EXT_EDDELIRA,2026-02-19,,,1
ci,EXT_EDDELIRA,2026-02-20,,,1
ci,EXT_EDDELIRA,2026-02-21,,,1
ci,EXT_EDISJUNI,2026-02-14,,,1
ci,EXT_EDISJUNI,2026-02-18,,,1
ci,EXT_EDISJUNI,2026-02-19,,,1
ci,EXT_EDISJUNI,2026-02-20,,,2
ci,EXT_EDISJUNI,2026-02-21,,,1
ci,EXT_ELINALDS,2026-02-13,,,1
ci,EXT_ELINALDS,2026-02-14,,,3
ci,EXT_ESTEPMAC,2026-02-13,,,1
ci,EXT_ESTEPMAC,2026-02-18,,,1
ci,EXT_FEKAIC,2026-02-14,,,4
ci,EXT_FEKAIC,2026-02-18,,,1
ci,EXT_FEKAIC,2026-02-20,,,1
ci,EXT_FRKAUANY,2026-02-20,,,1
ci,EXT_GABRLIMI,2026-02-20,,,1
ci,EXT_GBILPERE,2026-02-18,,,2
ci,EXT_GBILPERE,2026-02-20,,,1
ci,EXT_GIBRIERE,2026-02-20,,,1
ci,EXT_GIOG,2026-02-18,,,3
ci,EXT_GIOO,2026-02-13,,,1
ci,EXT_GIOO,2026-02-14,,,1
ci,EXT_GIOO,2026-02-18,,,3
ci,EXT_GIOO,2026-02-21,,,1
ci,EXT_GRAZIELG,2026-02-13,,,6
ci,EXT_GRAZIELG,2026-02-14,,,4
ci,EXT_GRAZIELG,2026-02-16,,,5
ci,EXT_GRAZIELG,2026-02-18,,,4
ci,EXT_GRAZIELG,2026-02-20,,,3
ci,EXT_GRAZIELG,2026-02-21,,,2
ci,EXT_GUILHEC,2026-02-14,,,1
ci,EXT_HERIOGAB,2026-02-13,,,1
ci,EXT_HERIOGAB,2026-02-14,,,4
ci,EXT_HERIOGAB,2026-02-16,,,2
ci,EXT_HERIOGAB,2026-02-20,,,1
ci,EXT_HERIOGAB,2026-02-21,,,5
ci,EXT_HUBOTELH,2026-02-13,,,1
ci,EXT_HUBOTELH,2026-02-18,,,1
ci,EXT_IGSO,2026-02-14,,,4
ci,EXT_INCARDOZ,2026-02-13,,,10
ci,EXT_INCARDOZ,2026-02-14,,,4
ci,EXT_INCARDOZ,2026-02-18,,,1
ci,EXT_INCARDOZ,2026-02-21,,,1
ci,EXT_JANAGUIA,2026-02-13,,,2
ci,EXT_JANAGUIA,2026-02-14,,,3
ci,EXT_JANAGUIA,2026-02-18,,,1
ci,EXT_JANAGUIA,2026-02-19,,,2
ci,EXT_JANAGUIA,2026-02-20,,,1
ci,EXT_JANAGUIA,2026-02-21,,,2
ci,EXT_JAQVERAS,2026-02-13,,,1
ci,EXT_JAQVERAS,2026-02-19,,,1
ci,EXT_JAQVERAS,2026-02-20,,,2
ci,EXT_JAQVERAS,2026-02-21,,,5
ci,EXT_JHENIFSO,2026-02-13,,,2
ci,EXT_JHENIFSO,2026-02-14,,,4
ci,EXT_JHENIFSO,2026-02-20,,,1
ci,EXT_JHENIFSO,2026-02-21,,,2
ci,EXT_JOAAL,2026-02-13,,,1
ci,EXT_JOAAL,2026-02-14,,,1
ci,EXT_JOAAL,2026-02-20,,,1
ci,EXT_JOAFE,2026-02-13,,,2
ci,EXT_JOAFE,2026-02-18,,,2
ci,EXT_JOAFE,2026-02-19,,,1
ci,EXT_JOIGOULA,2026-02-13,,,1
ci,EXT_JOIGOULA,2026-02-14,,,1
ci,EXT_JOIGOULA,2026-02-19,,,1
ci,EXT_JOIGOULA,2026-02-20,,,1
ci,EXT_JOIGOULA,2026-02-21,,,1
ci,EXT_JOSIAAND,2026-02-13,,,4
ci,EXT_JOSUMOUR,2026-02-13,,,1
ci,EXT_JOSUMOUR,2026-02-18,,,1
ci,EXT_JOSUMOUR,2026-02-19,,,1
ci,EXT_JULGRACA,2026-02-13,,,2
ci,EXT_JULGRACA,2026-02-14,,,3
ci,EXT_JULGRACA,2026-02-18,,,1
ci,EXT_JULGRACA,2026-02-19,,,1
ci,EXT_JULIAAR,2026-02-20,,,2
ci,EXT_JULLYSSA,2026-02-13,,,1
ci,EXT_JULLYSSA,2026-02-16,,,3
ci,EXT_JULLYSSA,2026-02-18,,,1
ci,EXT_KARICSIL,2026-02-13,,,2
ci,EXT_KARICSIL,2026-02-14,,,5
ci,EXT_KAUSO,2026-02-19,,,1
ci,EXT_KAYMATEU,2026-02-13,,,2
ci,EXT_KAYMATEU,2026-02-14,,,1
ci,EXT_KEVEBARB,2026-02-13,,,1
ci,EXT_KEVEBARB,2026-02-14,,,3
ci,EXT_KEVEBARB,2026-02-19,,,1
ci,EXT_KEVEBARB,2026-02-20,,,1
ci,EXT_LAURAMAC,2026-02-13,,,2
ci,EXT_LAURAMAC,2026-02-14,,,2
ci,EXT_LEOSIA,2026-02-18,,,3
ci,EXT_LEOSIA,2026-02-19,,,10
ci,EXT_LEOSIA,2026-02-20,,,2
ci,EXT_LEOSIA,2026-02-21,,,3
ci,EXT_LETICO,2026-02-13,,,2
ci,EXT_LETICO,2026-02-14,,,7
ci,EXT_LETICO,2026-02-18,,,3
ci,EXT_LETICO,2026-02-21,,,1
ci,EXT_LETICO,2026-02-23,,,2
ci,EXT_LILAISA,2026-02-13,,,4
ci,EXT_LILAISA,2026-02-14,,,3
ci,EXT_LILAISA,2026-02-18,,,3
ci,EXT_LILAISA,2026-02-20,,,1
ci,EXT_LILAISA,2026-02-21,,,2
ci,EXT_LOFREIRE,2026-02-14,,,3
ci,EXT_LOFREIRE,2026-02-18,,,1
ci,EXT_LOFREIRE,2026-02-19,,,2
ci,EXT_LOFREIRE,2026-02-20,,,1
ci,EXT_LOFREIRE,2026-02-21,,,1
ci,EXT_LOHAFEIT,2026-02-20,,,1
ci,EXT_LORRACAS,2026-02-16,,,4
ci,EXT_LUAVARAN,2026-02-13,,,1
ci,EXT_LUAVARAN,2026-02-14,,,2
ci,EXT_LUAVARAN,2026-02-18,,,1
ci,EXT_LUAVARAN,2026-02-21,,,1
ci,EXT_LUIZN,2026-02-14,,,4
ci,EXT_LUIZN,2026-02-18,,,4
ci,EXT_LUIZN,2026-02-19,,,2
ci,EXT_LUIZN,2026-02-21,,,1
ci,EXT_MAIZADOR,2026-02-19,,,1
ci,EXT_MARANNA,2026-02-13,,,4
ci,EXT_MARANNA,2026-02-14,,,5
ci,EXT_MARCUAMA,2026-02-19,,,1
ci,EXT_MARCUAMA,2026-02-21,,,1
ci,EXT_MARIFR,2026-02-13,,,3
ci,EXT_MARIFR,2026-02-14,,,3
ci,EXT_MARIFR,2026-02-18,,,5
ci,EXT_MARIFR,2026-02-19,,,3
ci,EXT_MELQALVE,2026-02-13,,,6
ci,EXT_MELQALVE,2026-02-14,,,2
ci,EXT_MELQALVE,2026-02-19,,,1
ci,EXT_MELQALVE,2026-02-20,,,1
ci,EXT_MELQALVE,2026-02-21,,,2
ci,EXT_MIRANVIN,2026-02-13,,,1
ci,EXT_MYCBEZER,2026-02-13,,,3
ci,EXT_MYCBEZER,2026-02-16,,,1
ci,EXT_MYCBEZER,2026-02-18,,,1
ci,EXT_MYCBEZER,2026-02-19,,,4
ci,EXT_NEVITOR,2026-02-13,,,3
ci,EXT_NEVITOR,2026-02-16,,,4
ci,EXT_NIMEIRA,2026-02-13,,,1
ci,EXT_NIMEIRA,2026-02-21,,,1
ci,EXT_NUBIANSI,2026-02-13,,,4
ci,EXT_NUBIANSI,2026-02-14,,,2
ci,EXT_NUBIANSI,2026-02-18,,,3
ci,EXT_NUBIANSI,2026-02-19,,,1
ci,EXT_NUBIANSI,2026-02-20,,,2
ci,EXT_NUBIANSI,2026-02-21,,,1
ci,EXT_OLIVERAY,2026-02-13,,,5
ci,EXT_OLIVERAY,2026-02-16,,,11
ci,EXT_OLIVERAY,2026-02-18,,,5
ci,EXT_OLIVERAY,2026-02-19,,,1
ci,EXT_PACO,2026-02-20,,,3
ci,EXT_PAULASSU,2026-02-13,,,1
ci,EXT_PEDRO,2026-02-13,,,1
ci,EXT_PEDRO,2026-02-20,,,1
ci,EXT_PEEMERIC,2026-02-16,,,3
ci,EXT_PEEMERIC,2026-02-19,,,2
ci,EXT_PERESUEL,2026-02-13,,,1
ci,EXT_PERESUEL,2026-02-14,,,4
ci,EXT_PERESUEL,2026-02-19,,,2
ci,EXT_QUA,2026-02-13,,,1
ci,EXT_QUA,2026-02-14,,,1
ci,EXT_QUA,2026-02-19,,,1
ci,EXT_RAITAVAR,2026-02-18,,,1
ci,EXT_RAITAVAR,2026-02-20,,,3
ci,EXT_RAITAVAR,2026-02-21,,,1
ci,EXT_RIASILV,2026-02-14,,,5
ci,EXT_RIASILV,2026-02-18,,,1
ci,EXT_RIASILV,2026-02-20,,,1
ci,EXT_RODRJU,2026-02-20,,,3
ci,EXT_RONSAMUE,2026-02-20,,,1
ci,EXT_SANLUDMI,2026-02-14,,,2
ci,EXT_SANTDI,2026-02-14,,,4
ci,EXT_SANTDI,2026-02-18,,,1
ci,EXT_SANTLE,2026-02-14,,,3
ci,EXT_SANTLE,2026-02-19,,,4
ci,EXT_SARPASSO,2026-02-13,,,4
ci,EXT_SILELIEN,2026-02-13,,,4
ci,EXT_SILELIEN,2026-02-14,,,1
ci,EXT_SILELIEN,2026-02-19,,,1
ci,EXT_SILELIEN,2026-02-20,,,1
ci,EXT_SILELIEN,2026-02-21,,,5
ci,EXT_SILELIEN,2026-02-23,,,8
ci,EXT_SILSILV,2026-02-13,,,1
ci,EXT_SILSILV,2026-02-14,,,1
ci,EXT_SILSILV,2026-02-18,,,2
ci,EXT_SILSILV,2026-02-19,,,2
ci,EXT_SISOEMIL,2026-02-13,,,1
ci,EXT_SISOEMIL,2026-02-16,,,1
ci,EXT_SISOEMIL,2026-02-20,,,2
ci,EXT_SOPHSILV,2026-02-20,,,1
ci,EXT_SOTHALYT,2026-02-16,,,9
ci,EXT_SOTHALYT,2026-02-18,,,1
ci,EXT_SOUSBARB,2026-02-13,,,1
ci,EXT_SOUSBARB,2026-02-14,,,2
ci,EXT_SOUSBARB,2026-02-21,,,2
ci,EXT_STELASOU,2026-02-16,,,5
ci,EXT_STELASOU,2026-02-18,,,2
ci,EXT_TALITS,2026-02-14,,,6
ci,EXT_TAMYSOUS,2026-02-13,,,1
ci,EXT_TAMYSOUS,2026-02-14,,,1
ci,EXT_TAMYSOUS,2026-02-18,,,2
ci,EXT_TAVA,2026-02-14,,,2
ci,EXT_TAVA,2026-02-20,,,1
ci,EXT_THEFERRE,2026-02-14,,,3
ci,EXT_THEFERRE,2026-02-18,,,1
ci,EXT_THEFERRE,2026-02-19,,,1
ci,EXT_VALQUCAR,2026-02-13,,,3
ci,EXT_VALQUCAR,2026-02-14,,,8
ci,EXT_VALQUCAR,2026-02-18,,,2
ci,EXT_VALQUCAR,2026-02-19,,,2
ci,EXT_VALQUCAR,2026-02-20,,,1
ci,EXT_VALQUCAR,2026-02-23,,,1
ci,EXT_YASDAMAS,2026-02-13,,,1
ci,EXT_YASDAMAS,2026-02-14,,,2
ci,EXT_YASDAMAS,2026-02-18,,,1
ci,EXT_YUSI,2026-02-20,,,2
nct,EXT_AGUISOUZ,2026-02-13,,,5
nct,EXT_AGUISOUZ,2026-02-16,,,5
nct,EXT_AGUISOUZ,2026-02-18,,,49
nct,EXT_AGUISOUZ,2026-02-19,,,5
nct,EXT_ALENISAB,2026-02-20,,,45
nct,EXT_ALESR,2026-02-13,,,31
nct,EXT_ALESR,2026-02-16,,,27
nct,EXT_ALESR,2026-02-18,,,10
nct,EXT_ALESR,2026-02-19,,,61
nct,EXT_AMACA,2026-02-13,,,6
nct,EXT_AMACA,2026-02-14,,,15
nct,EXT_AMACA,2026-02-18,,,14
nct,EXT_AMACA,2026-02-19,,,19
nct,EXT_ANACAEIR,2026-02-13,,,1
nct,EXT_ANACAEIR,2026-02-14,,,2
nct,EXT_ANACAEIR,2026-02-18,,,26
nct,EXT_ANACAEIR,2026-02-19,,,10
nct,EXT_ANACAEIR,2026-02-20,,,8
nct,EXT_ANACAEIR,2026-02-21,,,1
nct,EXT_ANASANO,2026-02-20,,,24
nct,EXT_ANATOS,2026-02-13,,,70
nct,EXT_ANATOS,2026-02-18,,,27
nct,EXT_ANATOS,2026-02-19,,,11
nct,EXT_ANIVO,2026-02-13,,,155
nct,EXT_ANIVO,2026-02-14,,,152
nct,EXT_ANIVO,2026-02-18,,,21
nct,EXT_ANIVO,2026-02-19,,,23
nct,EXT_ANLISILV,2026-02-13,,,2
nct,EXT_ANLISILV,2026-02-14,,,2
nct,EXT_ANLISILV,2026-02-16,,,3
nct,EXT_ANLISILV,2026-02-18,,,2
nct,EXT_ANLISILV,2026-02-19,,,2
nct,EXT_ANLISILV,2026-02-20,,,2
nct,EXT_ANLISILV,2026-02-21,,,2
nct,EXT_ANMART,2026-02-13,,,3
nct,EXT_ANNICOST,2026-02-13,,,169
nct,EXT_ANNICOST,2026-02-14,,,166
nct,EXT_ANNICOST,2026-02-18,,,184
nct,EXT_ANNICOST,2026-02-19,,,130
nct,EXT_ANNICOST,2026-02-20,,,126
nct,EXT_ANNICOST,2026-02-21,,,136
nct,EXT_ANNICOST,2026-02-23,,,36
nct,EXT_ANTPACHE,2026-02-13,,,1150113
nct,EXT_ANTPACHE,2026-02-14,,,634856
nct,EXT_ANTPACHE,2026-02-16,,,2121610
nct,EXT_ANTPACHE,2026-02-18,,,805793
nct,EXT_ANTPACHE,2026-02-19,,,919570
nct,EXT_ANVINHAL,2026-02-13,,,141
nct,EXT_ANVINHAL,2026-02-14,,,124
nct,EXT_ANVINHAL,2026-02-18,,,87
nct,EXT_ANVINHAL,2026-02-19,,,78
nct,EXT_ASILV,2026-02-13,,,129
nct,EXT_ASILV,2026-02-14,,,99
nct,EXT_ASILV,2026-02-18,,,22
nct,EXT_ASILV,2026-02-19,,,14
nct,EXT_ASILV,2026-02-21,,,9
nct,EXT_AYXAVIER,2026-02-13,,,62
nct,EXT_AYXAVIER,2026-02-14,,,44
nct,EXT_AYXAVIER,2026-02-18,,,132
nct,EXT_AYXAVIER,2026-02-19,,,69
nct,EXT_AYXAVIER,2026-02-20,,,14
nct,EXT_BARRGUST,2026-02-13,,,6
nct,EXT_BARRGUST,2026-02-14,,,18
nct,EXT_BARRGUST,2026-02-18,,,4
nct,EXT_BARRGUST,2026-02-19,,,2
nct,EXT_BARVALER,2026-02-13,,,152
nct,EXT_BARVALER,2026-02-14,,,189
nct,EXT_BARVALER,2026-02-18,,,157
nct,EXT_BARVALER,2026-02-19,,,133
nct,EXT_BARVALER,2026-02-20,,,51
nct,EXT_BARVALER,2026-02-21,,,26
nct,EXT_BARVALER,2026-02-23,,,15
nct,EXT_BEASARA,2026-02-16,,,24
nct,EXT_BEASARA,2026-02-18,,,98
nct,EXT_BEATRAZE,2026-02-13,,,85
nct,EXT_BEATRAZE,2026-02-14,,,82
nct,EXT_BEATRAZE,2026-02-18,,,56
nct,EXT_BEATRAZE,2026-02-19,,,46
nct,EXT_BEATRAZE,2026-02-20,,,7
nct,EXT_BEATRAZE,2026-02-21,,,1
nct,EXT_BRUNASAA,2026-02-20,,,5
nct,EXT_CARDCLAR,2026-02-13,,,146
nct,EXT_CARDCLAR,2026-02-16,,,150
nct,EXT_CARDCLAR,2026-02-18,,,140
nct,EXT_CARDCLAR,2026-02-19,,,178
nct,EXT_CARDCLAR,2026-02-20,,,86
nct,EXT_CARLN,2026-02-13,,,2
nct,EXT_CARLN,2026-02-16,,,7
nct,EXT_CARLN,2026-02-19,,,1
nct,EXT_CHRAIOL,2026-02-13,,,179
nct,EXT_CHRAIOL,2026-02-14,,,172
nct,EXT_CHRAIOL,2026-02-18,,,45
nct,EXT_CHRAIOL,2026-02-20,,,1
nct,EXT_CHRAIOL,2026-02-21,,,1
nct,EXT_COIZABEL,2026-02-13,,,4
nct,EXT_COIZABEL,2026-02-18,,,2
nct,EXT_COIZABEL,2026-02-19,,,1
nct,EXT_COIZABEL,2026-02-20,,,16
nct,EXT_CORREHEN,2026-02-13,,,61
nct,EXT_CORREHEN,2026-02-14,,,52
nct,EXT_CORREHEN,2026-02-18,,,37
nct,EXT_CORREHEN,2026-02-19,,,25
nct,EXT_CORREHEN,2026-02-21,,,2
nct,EXT_CORREHEN,2026-02-23,,,1
nct,EXT_CRISLAIJ,2026-02-18,,,2
nct,EXT_CRISLAIJ,2026-02-19,,,6
nct,EXT_DAVPA,2026-02-13,,,27
nct,EXT_DAVPA,2026-02-16,,,19
nct,EXT_DAVPA,2026-02-18,,,65
nct,EXT_DAVPA,2026-02-19,,,19
nct,EXT_DAVPA,2026-02-20,,,14
nct,EXT_DAVPA,2026-02-23,,,24
nct,EXT_DAYP,2026-02-14,,,2
nct,EXT_DAYP,2026-02-18,,,1
nct,EXT_DAYP,2026-02-19,,,7
nct,EXT_DAYP,2026-02-20,,,9
nct,EXT_DAYP,2026-02-21,,,16
nct,EXT_DEBA,2026-02-13,,,210
nct,EXT_DEBA,2026-02-14,,,171
nct,EXT_DEBA,2026-02-18,,,144
nct,EXT_DEBA,2026-02-19,,,161
nct,EXT_DEBA,2026-02-20,,,1
nct,EXT_DEBA,2026-02-21,,,18
nct,EXT_DEBA,2026-02-23,,,1
nct,EXT_EDDELIRA,2026-02-18,,,1
nct,EXT_EDDELIRA,2026-02-20,,,25
nct,EXT_EDDELIRA,2026-02-21,,,34
nct,EXT_EDISJUNI,2026-02-13,,,155
nct,EXT_EDISJUNI,2026-02-14,,,156
nct,EXT_EDISJUNI,2026-02-18,,,99
nct,EXT_EDISJUNI,2026-02-19,,,95
nct,EXT_EDISJUNI,2026-02-20,,,2
nct,EXT_EDISJUNI,2026-02-21,,,1
nct,EXT_ELINALDS,2026-02-13,,,1
nct,EXT_ELINALDS,2026-02-14,,,2
nct,EXT_ELINALDS,2026-02-19,,,3
nct,EXT_ELINALDS,2026-02-20,,,1
nct,EXT_ELINALDS,2026-02-23,,,9
nct,EXT_EMO,2026-02-13,,,14
nct,EXT_EMO,2026-02-14,,,22
nct,EXT_EMO,2026-02-18,,,20
nct,EXT_EMO,2026-02-19,,,32
nct,EXT_ESTEPMAC,2026-02-13,,,17
nct,EXT_ESTEPMAC,2026-02-16,,,14
nct,EXT_ESTEPMAC,2026-02-18,,,47
nct,EXT_ESTEPMAC,2026-02-19,,,21
nct,EXT_FEKAIC,2026-02-13,,,161
nct,EXT_FEKAIC,2026-02-14,,,132
nct,EXT_FEKAIC,2026-02-18,,,22
nct,EXT_FEKAIC,2026-02-19,,,20
nct,EXT_FRKAUANY,2026-02-20,,,22
nct,EXT_GBILPERE,2026-02-13,,,43
nct,EXT_GBILPERE,2026-02-18,,,99
nct,EXT_GBILPERE,2026-02-19,,,50
nct,EXT_GBILPERE,2026-02-20,,,22
nct,EXT_GIANMEND,2026-02-13,,,91
nct,EXT_GIANMEND,2026-02-14,,,131
nct,EXT_GIANMEND,2026-02-19,,,28
nct,EXT_GIBRIERE,2026-02-20,,,58
nct,EXT_GIOG,2026-02-13,,,117
nct,EXT_GIOG,2026-02-14,,,78
nct,EXT_GIOG,2026-02-18,,,119
nct,EXT_GIOG,2026-02-19,,,101
nct,EXT_GIOO,2026-02-13,,,10
nct,EXT_GIOO,2026-02-14,,,1
nct,EXT_GIOO,2026-02-18,,,55
nct,EXT_GIOO,2026-02-19,,,23
nct,EXT_GIOO,2026-02-21,,,90
nct,EXT_GRAZIELG,2026-02-13,,,102
nct,EXT_GRAZIELG,2026-02-14,,,124
nct,EXT_GRAZIELG,2026-02-16,,,133
nct,EXT_GRAZIELG,2026-02-18,,,120
nct,EXT_GRAZIELG,2026-02-19,,,125
nct,EXT_GRAZIELG,2026-02-20,,,8
nct,EXT_GRAZIELG,2026-02-21,,,7
nct,EXT_GRAZIELG,2026-02-23,,,2
nct,EXT_GUILHEC,2026-02-13,,,102
nct,EXT_GUILHEC,2026-02-14,,,123
nct,EXT_GUILHEC,2026-02-18,,,174
nct,EXT_GUILHEC,2026-02-19,,,121
nct,EXT_GUILHEC,2026-02-21,,,3
nct,EXT_HERIOGAB,2026-02-13,,,2
nct,EXT_HERIOGAB,2026-02-14,,,5
nct,EXT_HERIOGAB,2026-02-16,,,19
nct,EXT_HERIOGAB,2026-02-18,,,14
nct,EXT_HERIOGAB,2026-02-19,,,34
nct,EXT_HERIOGAB,2026-02-20,,,10
nct,EXT_HERIOGAB,2026-02-21,,,25
nct,EXT_HUBOTELH,2026-02-13,,,155
nct,EXT_HUBOTELH,2026-02-14,,,81
nct,EXT_HUBOTELH,2026-02-18,,,89
nct,EXT_HUBOTELH,2026-02-19,,,96
nct,EXT_HUBOTELH,2026-02-20,,,2
nct,EXT_IGSO,2026-02-13,,,141
nct,EXT_IGSO,2026-02-14,,,143
nct,EXT_IGSO,2026-02-18,,,105
nct,EXT_IGSO,2026-02-19,,,107
nct,EXT_IGSO,2026-02-21,,,3
nct,EXT_IGSO,2026-02-23,,,4
nct,EXT_INCARDOZ,2026-02-13,,,108
nct,EXT_INCARDOZ,2026-02-14,,,148
nct,EXT_INCARDOZ,2026-02-18,,,102
nct,EXT_INCARDOZ,2026-02-19,,,94
nct,EXT_ISAVAZ,2026-02-16,,,1
nct,EXT_JANAGUIA,2026-02-13,,,95
nct,EXT_JANAGUIA,2026-02-14,,,139
nct,EXT_JANAGUIA,2026-02-18,,,108
nct,EXT_JANAGUIA,2026-02-19,,,121
nct,EXT_JANAGUIA,2026-02-20,,,51
nct,EXT_JANAGUIA,2026-02-21,,,61
nct,EXT_JAQVERAS,2026-02-13,,,5
nct,EXT_JAQVERAS,2026-02-14,,,1
nct,EXT_JAQVERAS,2026-02-18,,,6
nct,EXT_JAQVERAS,2026-02-19,,,13
nct,EXT_JAQVERAS,2026-02-20,,,11
nct,EXT_JHENIFSO,2026-02-13,,,224
nct,EXT_JHENIFSO,2026-02-14,,,135
nct,EXT_JHENIFSO,2026-02-18,,,147
nct,EXT_JHENIFSO,2026-02-19,,,18
nct,EXT_JHENIFSO,2026-02-20,,,123
nct,EXT_JHENIFSO,2026-02-21,,,89
nct,EXT_JOAAL,2026-02-13,,,3
nct,EXT_JOAAL,2026-02-14,,,7
nct,EXT_JOAAL,2026-02-16,,,9
nct,EXT_JOAAL,2026-02-20,,,3
nct,EXT_JOAAL,2026-02-21,,,2
nct,EXT_JOAFE,2026-02-13,,,68
nct,EXT_JOAFE,2026-02-16,,,65
nct,EXT_JOAFE,2026-02-18,,,88
nct,EXT_JOAFE,2026-02-19,,,82
nct,EXT_JOIGOULA,2026-02-13,,,71
nct,EXT_JOIGOULA,2026-02-14,,,52
nct,EXT_JOIGOULA,2026-02-18,,,119
nct,EXT_JOIGOULA,2026-02-19,,,120
nct,EXT_JOIGOULA,2026-02-20,,,5
nct,EXT_JOIGOULA,2026-02-23,,,6
nct,EXT_JOSIAAND,2026-02-13,,,160
nct,EXT_JOSIAAND,2026-02-18,,,26
nct,EXT_JOSIAAND,2026-02-19,,,33
nct,EXT_JOSIAAND,2026-02-20,,,2
nct,EXT_JOSIAAND,2026-02-21,,,1
nct,EXT_JOSUMOUR,2026-02-13,,,4
nct,EXT_JOSUMOUR,2026-02-18,,,119
nct,EXT_JOSUMOUR,2026-02-19,,,11
nct,EXT_JULGRACA,2026-02-13,,,54
nct,EXT_JULGRACA,2026-02-14,,,47
nct,EXT_JULGRACA,2026-02-18,,,30
nct,EXT_JULGRACA,2026-02-19,,,21
nct,EXT_JULGRACA,2026-02-20,,,1
nct,EXT_JULGRACA,2026-02-21,,,7
nct,EXT_JULGRACA,2026-02-23,,,5
nct,EXT_JULIAAR,2026-02-20,,,1
nct,EXT_JULLYSSA,2026-02-13,,,147
nct,EXT_JULLYSSA,2026-02-16,,,173
nct,EXT_JULLYSSA,2026-02-18,,,100
nct,EXT_JULLYSSA,2026-02-19,,,112
nct,EXT_KARICSIL,2026-02-13,,,124
nct,EXT_KARICSIL,2026-02-14,,,114
nct,EXT_KARICSIL,2026-02-18,,,17
nct,EXT_KARICSIL,2026-02-19,,,23
nct,EXT_KAUSO,2026-02-19,,,8
nct,EXT_KAUSO,2026-02-20,,,8
nct,EXT_KAYMATEU,2026-02-13,,,69
nct,EXT_KAYMATEU,2026-02-14,,,100
nct,EXT_KAYMATEU,2026-02-18,,,32
nct,EXT_KAYMATEU,2026-02-19,,,56
nct,EXT_KEVEBARB,2026-02-13,,,122
nct,EXT_KEVEBARB,2026-02-14,,,104
nct,EXT_KEVEBARB,2026-02-19,,,169
nct,EXT_KEVEBARB,2026-02-20,,,14
nct,EXT_KEVEBARB,2026-02-23,,,4
nct,EXT_LAURAMAC,2026-02-13,,,120
nct,EXT_LAURAMAC,2026-02-14,,,116
nct,EXT_LAURAMAC,2026-02-18,,,136
nct,EXT_LAURAMAC,2026-02-19,,,85
nct,EXT_LAURAMAC,2026-02-21,,,33
nct,EXT_LAURAMAC,2026-02-23,,,3
nct,EXT_LEOSIA,2026-02-18,,,58
nct,EXT_LEOSIA,2026-02-19,,,134
nct,EXT_LEOSIA,2026-02-20,,,132
nct,EXT_LEOSIA,2026-02-21,,,151
nct,EXT_LETHONOR,2026-02-23,,,1
nct,EXT_LETICO,2026-02-13,,,111
nct,EXT_LETICO,2026-02-14,,,113
nct,EXT_LETICO,2026-02-18,,,133
nct,EXT_LETICO,2026-02-19,,,96
nct,EXT_LETICO,2026-02-20,,,7
nct,EXT_LETICO,2026-02-21,,,54
nct,EXT_LETICO,2026-02-23,,,49
nct,EXT_LILAISA,2026-02-13,,,135
nct,EXT_LILAISA,2026-02-14,,,172
nct,EXT_LILAISA,2026-02-18,,,147
nct,EXT_LILAISA,2026-02-19,,,149
nct,EXT_LILAISA,2026-02-20,,,100
nct,EXT_LILAISA,2026-02-21,,,111
nct,EXT_LILAISA,2026-02-23,,,29
nct,EXT_LOFREIRE,2026-02-13,,,135
nct,EXT_LOFREIRE,2026-02-14,,,119
nct,EXT_LOFREIRE,2026-02-18,,,137
nct,EXT_LOFREIRE,2026-02-19,,,46
nct,EXT_LOHAFEIT,2026-02-20,,,5
nct,EXT_LORRACAS,2026-02-16,,,24
nct,EXT_LUARLINO,2026-02-20,,,12
nct,EXT_LUAVARAN,2026-02-13,,,114
nct,EXT_LUAVARAN,2026-02-14,,,119
nct,EXT_LUAVARAN,2026-02-18,,,112
nct,EXT_LUAVARAN,2026-02-19,,,127
nct,EXT_LUAVARAN,2026-02-20,,,62
nct,EXT_LUAVARAN,2026-02-21,,,85
nct,EXT_LUCMAT,2026-02-13,,,58
nct,EXT_LUCMAT,2026-02-14,,,70
nct,EXT_LUCMAT,2026-02-18,,,25
nct,EXT_LUIZN,2026-02-14,,,140
nct,EXT_LUIZN,2026-02-18,,,149
nct,EXT_LUIZN,2026-02-19,,,192
nct,EXT_LUIZN,2026-02-20,,,36
nct,EXT_LUIZN,2026-02-21,,,36
nct,EXT_MAIZADOR,2026-02-19,,,2
nct,EXT_MAIZADOR,2026-02-20,,,5
nct,EXT_MAIZADOR,2026-02-23,,,5
nct,EXT_MALODANI,2026-02-13,,,200
nct,EXT_MALODANI,2026-02-19,,,203
nct,EXT_MARANNA,2026-02-13,,,165
nct,EXT_MARANNA,2026-02-14,,,166
nct,EXT_MARANNA,2026-02-18,,,21
nct,EXT_MARANNA,2026-02-19,,,19
nct,EXT_MARCUAMA,2026-02-13,,,88
nct,EXT_MARCUAMA,2026-02-14,,,137
nct,EXT_MARCUAMA,2026-02-18,,,115
nct,EXT_MARCUAMA,2026-02-19,,,80
nct,EXT_MARCUAMA,2026-02-20,,,36
nct,EXT_MARCUAMA,2026-02-21,,,19
nct,EXT_MARCUAMA,2026-02-23,,,3
nct,EXT_MARIFR,2026-02-13,,,127
nct,EXT_MARIFR,2026-02-14,,,141
nct,EXT_MARIFR,2026-02-18,,,112
nct,EXT_MARIFR,2026-02-19,,,165
nct,EXT_MATHEMO,2026-02-19,,,2
nct,EXT_MAYLRODR,2026-02-19,,,4
nct,EXT_MELQALVE,2026-02-13,,,77
nct,EXT_MELQALVE,2026-02-14,,,54
nct,EXT_MELQALVE,2026-02-18,,,39
nct,EXT_MELQALVE,2026-02-19,,,55
nct,EXT_MELQALVE,2026-02-20,,,17
nct,EXT_MELQALVE,2026-02-21,,,21
nct,EXT_MELQALVE,2026-02-23,,,8
nct,EXT_MIRANVIN,2026-02-13,,,4
nct,EXT_MYCBEZER,2026-02-13,,,87
nct,EXT_MYCBEZER,2026-02-16,,,162
nct,EXT_MYCBEZER,2026-02-18,,,63
nct,EXT_MYCBEZER,2026-02-19,,,82
nct,EXT_NEVITOR,2026-02-13,,,88
nct,EXT_NEVITOR,2026-02-14,,,43
nct,EXT_NEVITOR,2026-02-16,,,61
nct,EXT_NEVITOR,2026-02-18,,,36
nct,EXT_NEVITOR,2026-02-19,,,12
nct,EXT_NEVITOR,2026-02-20,,,3
nct,EXT_NIMEIRA,2026-02-13,,,147
nct,EXT_NIMEIRA,2026-02-14,,,168
nct,EXT_NIMEIRA,2026-02-18,,,126
nct,EXT_NIMEIRA,2026-02-19,,,92
nct,EXT_NIMEIRA,2026-02-20,,,2
nct,EXT_NIMEIRA,2026-02-21,,,3
nct,EXT_NIMEIRA,2026-02-23,,,1
nct,EXT_NUBIANSI,2026-02-13,,,141
nct,EXT_NUBIANSI,2026-02-14,,,149
nct,EXT_NUBIANSI,2026-02-18,,,119
nct,EXT_NUBIANSI,2026-02-19,,,134
nct,EXT_NUBIANSI,2026-02-20,,,35
nct,EXT_NUBIANSI,2026-02-21,,,77
nct,EXT_OLIVERAY,2026-02-13,,,11
nct,EXT_OLIVERAY,2026-02-16,,,6
nct,EXT_OLIVERAY,2026-02-18,,,43
nct,EXT_OLIVERAY,2026-02-19,,,35
nct,EXT_PACO,2026-02-20,,,25
nct,EXT_PAULASSU,2026-02-13,,,75
nct,EXT_PAULASSU,2026-02-14,,,147
nct,EXT_PAULASSU,2026-02-18,,,76
nct,EXT_PAULASSU,2026-02-19,,,73
nct,EXT_PAULASSU,2026-02-20,,,7
nct,EXT_PAULASSU,2026-02-21,,,5
nct,EXT_PEDRO,2026-02-13,,,64
nct,EXT_PEDRO,2026-02-14,,,152
nct,EXT_PEDRO,2026-02-20,,,3
nct,EXT_PEDRO,2026-02-21,,,2
nct,EXT_PEDRO,2026-02-23,,,9
nct,EXT_PEEMERIC,2026-02-13,,,10
nct,EXT_PEEMERIC,2026-02-16,,,16
nct,EXT_PEEMERIC,2026-02-19,,,13
nct,EXT_PERESUEL,2026-02-13,,,146
nct,EXT_PERESUEL,2026-02-14,,,137
nct,EXT_PERESUEL,2026-02-18,,,195
nct,EXT_PERESUEL,2026-02-19,,,120
nct,EXT_PERESUEL,2026-02-20,,,92
nct,EXT_PERESUEL,2026-02-21,,,52
nct,EXT_PERESUEL,2026-02-23,,,20
nct,EXT_QUA,2026-02-13,,,117
nct,EXT_QUA,2026-02-14,,,79
nct,EXT_QUA,2026-02-18,,,26
nct,EXT_QUA,2026-02-19,,,19
nct,EXT_RAITAVAR,2026-02-18,,,23
nct,EXT_RAITAVAR,2026-02-20,,,12
nct,EXT_RAITAVAR,2026-02-21,,,22
nct,EXT_RIASILV,2026-02-13,,,197
nct,EXT_RIASILV,2026-02-14,,,236
nct,EXT_RIASILV,2026-02-18,,,224
nct,EXT_RIASILV,2026-02-19,,,129
nct,EXT_RIASILV,2026-02-20,,,64
nct,EXT_RIASILV,2026-02-23,,,48
nct,EXT_RODRJU,2026-02-20,,,21
nct,EXT_RONSAMUE,2026-02-20,,,2
nct,EXT_SAELOISA,2026-02-20,,,28
nct,EXT_SAMUO,2026-02-18,,,3
nct,EXT_SANLUDMI,2026-02-13,,,3
nct,EXT_SANLUDMI,2026-02-14,,,6
nct,EXT_SANLUDMI,2026-02-19,,,1
nct,EXT_SANTDI,2026-02-13,,,112
nct,EXT_SANTDI,2026-02-14,,,140
nct,EXT_SANTDI,2026-02-18,,,9
nct,EXT_SANTDI,2026-02-19,,,11
nct,EXT_SANTLE,2026-02-13,,,154
nct,EXT_SANTLE,2026-02-14,,,157
nct,EXT_SANTLE,2026-02-18,,,156
nct,EXT_SANTLE,2026-02-19,,,169
nct,EXT_SANTLE,2026-02-20,,,1
nct,EXT_SANTLE,2026-02-21,,,8
nct,EXT_SARPASSO,2026-02-13,,,24
nct,EXT_SARPASSO,2026-02-18,,,51
nct,EXT_SARPASSO,2026-02-19,,,46
nct,EXT_SILELIEN,2026-02-13,,,80
nct,EXT_SILELIEN,2026-02-14,,,105
nct,EXT_SILELIEN,2026-02-18,,,46
nct,EXT_SILELIEN,2026-02-19,,,38
nct,EXT_SILELIEN,2026-02-21,,,1
nct,EXT_SILSILV,2026-02-13,,,45
nct,EXT_SILSILV,2026-02-14,,,130
nct,EXT_SILSILV,2026-02-18,,,101
nct,EXT_SILSILV,2026-02-19,,,129
nct,EXT_SISOEMIL,2026-02-20,,,1
nct,EXT_SOPHSILV,2026-02-13,,,1
nct,EXT_SOPHSILV,2026-02-18,,,1
nct,EXT_SOPHSILV,2026-02-20,,,8
nct,EXT_SOPHSILV,2026-02-21,,,22
nct,EXT_SOPHSILV,2026-02-23,,,8
nct,EXT_SOTHALYT,2026-02-13,,,85
nct,EXT_SOTHALYT,2026-02-16,,,171
nct,EXT_SOTHALYT,2026-02-18,,,77
nct,EXT_SOTHALYT,2026-02-19,,,106
nct,EXT_SOTHALYT,2026-02-20,,,3
nct,EXT_SOUDAV,2026-02-20,,,4
nct,EXT_SOUSBARB,2026-02-13,,,81
nct,EXT_SOUSBARB,2026-02-14,,,68
nct,EXT_SOUSBARB,2026-02-18,,,63
nct,EXT_SOUSBARB,2026-02-19,,,67
nct,EXT_SOUSBARB,2026-02-20,,,1
nct,EXT_SOUSBARB,2026-02-21,,,3
nct,EXT_STELASOU,2026-02-13,,,143
nct,EXT_STELASOU,2026-02-16,,,226
nct,EXT_STELASOU,2026-02-18,,,108
nct,EXT_STELASOU,2026-02-20,,,5
nct,EXT_TALITS,2026-02-13,,,167
nct,EXT_TALITS,2026-02-14,,,184
nct,EXT_TALITS,2026-02-18,,,16
nct,EXT_TALITS,2026-02-19,,,22
nct,EXT_TAMYSOUS,2026-02-13,,,3
nct,EXT_TAMYSOUS,2026-02-14,,,5
nct,EXT_TAMYSOUS,2026-02-18,,,1
nct,EXT_TAMYSOUS,2026-02-20,,,1
nct,EXT_TAMYSOUS,2026-02-21,,,3
nct,EXT_TAMYSOUS,2026-02-23,,,1
nct,EXT_TAVA,2026-02-14,,,73
nct,EXT_TAVA,2026-02-18,,,65
nct,EXT_TAVA,2026-02-19,,,58
nct,EXT_THEFERRE,2026-02-14,,,134
nct,EXT_THEFERRE,2026-02-18,,,138
nct,EXT_THEFERRE,2026-02-19,,,101
nct,EXT_THEFERRE,2026-02-20,,,2
nct,EXT_THEFERRE,2026-02-21,,,1
nct,EXT_THEFERRE,2026-02-23,,,3
nct,EXT_VALQUCAR,2026-02-13,,,87
nct,EXT_VALQUCAR,2026-02-14,,,78
nct,EXT_VALQUCAR,2026-02-18,,,134
nct,EXT_VALQUCAR,2026-02-19,,,166
nct,EXT_VALQUCAR,2026-02-20,,,28
nct,EXT_VICEFRAN,2026-02-18,,,29
nct,EXT_VICEFRAN,2026-02-19,,,8
nct,EXT_VICEFRAN,2026-02-20,,,1
nct,EXT_VIEM,2026-02-16,,,1
nct,EXT_VIEM,2026-02-21,,,9
nct,EXT_YASDAMAS,2026-02-13,,,129
nct,EXT_YASDAMAS,2026-02-14,,,126
nct,EXT_YASDAMAS,2026-02-18,,,15
nct,EXT_YASDAMAS,2026-02-19,,,10
nct,EXT_YUSI,2026-02-20,,,39
